ARREST_KEY,ARREST_DATE,PD_CD,PD_DESC,KY_CD,OFNS_DESC,LAW_CODE,LAW_CAT_CD,ARREST_BORO,ARREST_PRECINCT,JURISDICTION_CODE,AGE_GROUP,PERP_SEX,PERP_RACE,X_COORD_CD,Y_COORD_CD,Latitude,Longitude
184625523,06/30/2018 12:00:00 AM,155,RAPE 2,104,RAPE,PL 1303001,F,B ,52,0,25-44,M,BLACK HISPANIC,1017542,255919,40.869058532,-73.879630148
184583155,06/29/2018 12:00:00 AM,153,RAPE 3,104,RAPE,PL 1302501,F,Q ,102,0,18-24,M,ASIAN / PACIFIC ISLANDER,1030954,193887,40.698736773,-73.831568765
184369764,06/23/2018 12:00:00 AM,157,RAPE 1,104,RAPE,PL 1303501,F,M ,30,0,45-64,M,WHITE HISPANIC,999794,241252,40.828851045,-73.943834191
184567299,06/28/2018 12:00:00 AM,153,RAPE 3,104,RAPE,PL 1302503,F,K ,77,0,25-44,M,WHITE HISPANIC,1003606,185050,40.674583308,-73.930221541
184533008,06/28/2018 12:00:00 AM,153,RAPE 3,104,RAPE,PL 1302503,F,M ,34,0,25-44,M,WHITE HISPANIC,1002106,249501,40.851487774,-73.935457967
184488671,06/27/2018 12:00:00 AM,153,RAPE 3,104,RAPE,PL 1302501,F,Q ,112,0,45-64,M,WHITE,1025420,202485,40.722363687,-73.851473894
184522327,06/27/2018 12:00:00 AM,153,RAPE 3,104,RAPE,PL 1302503,F,S ,122,0,25-44,M,BLACK,954943,148360,40.573849649,-74.105496156
184516407,06/27/2018 12:00:00 AM,157,RAPE 1,104,RAPE,PL 1303501,F,B ,47,0,25-44,M,BLACK HISPANIC,1026387,262634,40.887451313,-73.847607787
184508493,06/27/2018 12:00:00 AM,157,RAPE 1,104,RAPE,PL 1303501,F,B ,41,0,18-24,M,BLACK,1013232,236725,40.816391847,-73.895296414
184497137,06/27/2018 12:00:00 AM,153,RAPE 3,104,RAPE,PL 1302502,F,B ,41,0,25-44,M,WHITE HISPANIC,1013232,236725,40.816391847,-73.895296414
184457877,06/26/2018 12:00:00 AM,153,RAPE 3,104,RAPE,PL 1302503,F,B ,45,0,25-44,M,WHITE,1032047,242037,40.830889993,-73.82728462
184450022,06/26/2018 12:00:00 AM,153,RAPE 3,104,RAPE,PL 1302501,F,K ,77,0,25-44,M,WHITE HISPANIC,1003606,185050,40.674583308,-73.930221541
184440032,06/26/2018 12:00:00 AM,153,RAPE 3,104,RAPE,PL 1302501,F,Q ,112,0,25-44,M,BLACK HISPANIC,1025420,202485,40.722363687,-73.851473894
184391855,06/24/2018 12:00:00 AM,157,RAPE 1,104,RAPE,PL 1303501,F,K ,76,0,18-24,M,WHITE HISPANIC,984160,188429,40.683879057,-74.000325948
184380868,06/24/2018 12:00:00 AM,153,RAPE 3,104,RAPE,PL 1302501,F,Q ,108,0,45-64,M,WHITE,996793,210001,40.743080168,-73.954736461
184363208,06/23/2018 12:00:00 AM,157,RAPE 1,104,RAPE,PL 1303501,F,K ,77,0,25-44,M,BLACK,1003606,185050,40.674583308,-73.930221541
184246864,06/22/2018 12:00:00 AM,157,RAPE 1,104,RAPE,PL 1303503,F,K ,84,0,45-64,M,WHITE HISPANIC,989013,192652,40.695468941,-73.982825079
184325216,06/22/2018 12:00:00 AM,155,RAPE 2,104,RAPE,PL 1303001,F,K ,77,0,25-44,M,BLACK,1003606,185050,40.674583308,-73.930221541
184214067,06/21/2018 12:00:00 AM,157,RAPE 1,104,RAPE,PL 1303501,F,K ,77,0,25-44,M,WHITE HISPANIC,1003606,185050,40.674583308,-73.930221541
184218581,06/21/2018 12:00:00 AM,157,RAPE 1,104,RAPE,PL 1303501,F,K ,77,0,18-24,M,BLACK,1003606,185050,40.674583308,-73.930221541
184237302,06/21/2018 12:00:00 AM,153,RAPE 3,104,RAPE,PL 1302502,F,K ,77,0,25-44,F,BLACK,1003606,185050,40.674583308,-73.930221541
184220895,06/21/2018 12:00:00 AM,153,RAPE 3,104,RAPE,PL 1302502,F,B ,52,0,45-64,M,WHITE HISPANIC,1017542,255919,40.869058532,-73.879630148
184175816,06/20/2018 12:00:00 AM,157,RAPE 1,104,RAPE,PL 1303501,F,B ,41,0,25-44,M,WHITE HISPANIC,1013232,236725,40.816391847,-73.895296414
184121388,06/19/2018 12:00:00 AM,157,RAPE 1,104,RAPE,PL 1303501,F,K ,77,0,25-44,M,WHITE HISPANIC,1003606,185050,40.674583308,-73.930221541
184145885,06/19/2018 12:00:00 AM,157,RAPE 1,104,RAPE,PL 1303501,F,B ,41,0,18-24,M,BLACK,1013232,236725,40.816391847,-73.895296414
183029981,05/23/2018 12:00:00 AM,157,RAPE 1,104,RAPE,PL 1303501,F,M ,25,0,45-64,M,BLACK,1000555,230994,40.800694331,-73.941109286
184138866,06/19/2018 12:00:00 AM,157,RAPE 1,104,RAPE,PL 1303501,F,K ,77,0,25-44,M,BLACK,1003606,185050,40.674583308,-73.930221541
184145890,06/19/2018 12:00:00 AM,157,RAPE 1,104,RAPE,PL 1303501,F,K ,77,0,25-44,M,BLACK,1003606,185050,40.674583308,-73.930221541
184093624,06/18/2018 12:00:00 AM,155,RAPE 2,104,RAPE,PL 1303001,F,B ,41,0,18-24,M,BLACK HISPANIC,1013232,236725,40.816391847,-73.895296414
184012655,06/17/2018 12:00:00 AM,153,RAPE 3,104,RAPE,PL 1302503,F,M ,30,0,45-64,M,WHITE HISPANIC,999794,241252,40.828851045,-73.943834191
183943892,06/17/2018 12:00:00 AM,153,RAPE 3,104,RAPE,PL 1302501,F,K ,72,0,18-24,M,WHITE HISPANIC,983964,179071,40.658193432,-74.001032243
183946551,06/17/2018 12:00:00 AM,157,RAPE 1,104,RAPE,PL 1303501,F,K ,77,0,25-44,M,BLACK,1003606,185050,40.674583308,-73.930221541
183920031,06/16/2018 12:00:00 AM,155,RAPE 2,104,RAPE,PL 1303001,F,Q ,112,0,18-24,M,ASIAN / PACIFIC ISLANDER,1025420,202485,40.722363687,-73.851473894
183925469,06/16/2018 12:00:00 AM,153,RAPE 3,104,RAPE,PL 1302503,F,K ,77,0,18-24,M,BLACK,1003606,185050,40.674583308,-73.930221541
183924489,06/16/2018 12:00:00 AM,153,RAPE 3,104,RAPE,PL 1302503,F,K ,77,0,18-24,M,BLACK,1003606,185050,40.674583308,-73.930221541
183898566,06/15/2018 12:00:00 AM,155,RAPE 2,104,RAPE,PL 1303002,F,K ,77,0,25-44,M,BLACK,1003606,185050,40.674583308,-73.930221541
183882070,06/15/2018 12:00:00 AM,157,RAPE 1,104,RAPE,PL 1303504,F,K ,67,0,25-44,M,WHITE HISPANIC,998032,175598,40.648650085,-73.950335563
183855302,06/14/2018 12:00:00 AM,157,RAPE 1,104,RAPE,PL 1303502,F,M ,14,0,25-44,M,WHITE,985679,213954,40.753938938,-73.994843655
183831756,06/14/2018 12:00:00 AM,157,RAPE 1,104,RAPE,PL 1303501,F,K ,90,2,25-44,M,WHITE HISPANIC,997843,196573,40.706222013,-73.950974356
183831753,06/14/2018 12:00:00 AM,157,RAPE 1,104,RAPE,PL 1303501,F,B ,41,0,45-64,M,BLACK,1013232,236725,40.816391847,-73.895296414
183819600,06/13/2018 12:00:00 AM,157,RAPE 1,104,RAPE,PL 1303501,F,K ,77,0,25-44,M,BLACK,1003606,185050,40.674583308,-73.930221541
183793858,06/13/2018 12:00:00 AM,155,RAPE 2,104,RAPE,PL 1303001,F,S ,120,0,25-44,M,WHITE HISPANIC,962748,174174,40.644726131,-74.077483159
183744587,06/12/2018 12:00:00 AM,157,RAPE 1,104,RAPE,PL 1303501,F,B ,41,0,25-44,M,BLACK HISPANIC,1013232,236725,40.816391847,-73.895296414
183783953,06/12/2018 12:00:00 AM,157,RAPE 1,104,RAPE,PL 1303501,F,K ,81,0,18-24,M,BLACK,1005218,190528,40.689615497,-73.924393112
178829809,05/02/2018 12:00:00 AM,157,RAPE 1,104,RAPE,PL 1303501,F,M ,9,0,25-44,M,BLACK HISPANIC,987624,203977,40.726554019,-73.987828427
183738747,06/12/2018 12:00:00 AM,157,RAPE 1,104,RAPE,PL 1303501,F,B ,41,0,25-44,M,BLACK,1013232,236725,40.816391847,-73.895296414
183704491,06/11/2018 12:00:00 AM,157,RAPE 1,104,RAPE,PL 1303501,F,B ,41,0,18-24,M,BLACK,1013232,236725,40.816391847,-73.895296414
183704492,06/11/2018 12:00:00 AM,157,RAPE 1,104,RAPE,PL 1303501,F,B ,41,0,18-24,M,BLACK,1013232,236725,40.816391847,-73.895296414
183704501,06/11/2018 12:00:00 AM,157,RAPE 1,104,RAPE,PL 1303501,F,K ,77,0,25-44,M,BLACK,1003606,185050,40.674583308,-73.930221541
178785003,05/01/2018 12:00:00 AM,157,RAPE 1,104,RAPE,PL 1303501,F,S ,120,0,25-44,M,BLACK,962748,174174,40.644726131,-74.077483159
183620168,06/08/2018 12:00:00 AM,157,RAPE 1,104,RAPE,PL 1303501,F,B ,44,0,45-64,M,BLACK,1006434,244344,40.837323511,-73.919830757
183531763,06/06/2018 12:00:00 AM,157,RAPE 1,104,RAPE,PL 1303501,F,M ,25,0,18-24,M,BLACK,1000555,230994,40.800694331,-73.941109286
183538457,06/06/2018 12:00:00 AM,157,RAPE 1,104,RAPE,PL 1303501,F,K ,77,0,18-24,M,ASIAN / PACIFIC ISLANDER,1003606,185050,40.674583308,-73.930221541
183559032,06/06/2018 12:00:00 AM,155,RAPE 2,104,RAPE,PL 1303001,F,B ,40,2,18-24,M,BLACK,1004926,234532,40.810396019,-73.925310745
183513382,06/05/2018 12:00:00 AM,157,RAPE 1,104,RAPE,PL 1303504,F,K ,77,0,25-44,M,WHITE HISPANIC,1003606,185050,40.674583308,-73.930221541
183489658,06/05/2018 12:00:00 AM,155,RAPE 2,104,RAPE,PL 1303001,F,K ,77,0,25-44,M,BLACK,1003606,185050,40.674583308,-73.930221541
183450937,06/04/2018 12:00:00 AM,153,RAPE 3,104,RAPE,PL 1302502,F,K ,84,73,25-44,M,BLACK,989013,192652,40.695468941,-73.982825079
183468784,06/04/2018 12:00:00 AM,153,RAPE 3,104,RAPE,PL 1302502,F,B ,44,0,25-44,M,BLACK,1006434,244344,40.837323511,-73.919830757
183451029,06/04/2018 12:00:00 AM,157,RAPE 1,104,RAPE,PL 1303501,F,Q ,112,0,45-64,M,WHITE HISPANIC,1025420,202485,40.722363687,-73.851473894
183435790,06/03/2018 12:00:00 AM,157,RAPE 1,104,RAPE,PL 1303504,F,K ,73,0,45-64,M,BLACK,1008276,183623,40.670655072,-73.91339092
183380306,06/02/2018 12:00:00 AM,157,RAPE 1,104,RAPE,PL 1303504,F,K ,77,1,45-64,M,ASIAN / PACIFIC ISLANDER,1003606,185050,40.674583308,-73.930221541
183392428,06/02/2018 12:00:00 AM,157,RAPE 1,104,RAPE,PL 1303501,F,Q ,113,0,25-44,M,BLACK,1046367,186986,40.679700408,-73.776047368
183355037,06/01/2018 12:00:00 AM,157,RAPE 1,104,RAPE,PL 1303501,F,B ,49,0,25-44,M,BLACK,1027295,251236,40.856162957,-73.844397124
183319649,05/31/2018 12:00:00 AM,155,RAPE 2,104,RAPE,PL 1303001,F,M ,32,0,25-44,F,WHITE HISPANIC,999358,236472,40.815732053,-73.945420411
183332035,05/31/2018 12:00:00 AM,157,RAPE 1,104,RAPE,PL 1303501,F,K ,77,0,45-64,M,BLACK,1003606,185050,40.674583308,-73.930221541
183271034,05/30/2018 12:00:00 AM,157,RAPE 1,104,RAPE,PL 1303501,F,Q ,104,0,25-44,M,WHITE HISPANIC,1013764,195875,40.70426739,-73.89355376
183240315,05/29/2018 12:00:00 AM,157,RAPE 1,104,RAPE,PL 1303501,F,K ,84,0,25-44,M,WHITE HISPANIC,989013,192652,40.695468941,-73.982825079
183220981,05/29/2018 12:00:00 AM,157,RAPE 1,104,RAPE,PL 1303501,F,Q ,112,0,25-44,M,ASIAN / PACIFIC ISLANDER,1025420,202485,40.722363687,-73.851473894
183235704,05/29/2018 12:00:00 AM,157,RAPE 1,104,RAPE,PL 1303501,F,K ,77,0,45-64,M,WHITE HISPANIC,1003606,185050,40.674583308,-73.930221541
183254178,05/29/2018 12:00:00 AM,157,RAPE 1,104,RAPE,PL 1303501,F,Q ,115,0,18-24,M,WHITE HISPANIC,1018699,215043,40.756860977,-73.875656664
183231190,05/29/2018 12:00:00 AM,153,RAPE 3,104,RAPE,PL 1302501,F,Q ,112,0,18-24,M,BLACK,1025420,202485,40.722363687,-73.851473894
183164051,05/27/2018 12:00:00 AM,157,RAPE 1,104,RAPE,PL 1303501,F,K ,71,0,25-44,M,WHITE HISPANIC,998749,181383,40.664527498,-73.947739291
183130260,05/25/2018 12:00:00 AM,157,RAPE 1,104,RAPE,PL 1303501,F,M ,32,0,25-44,M,BLACK,999358,236472,40.815732053,-73.945420411
183105660,05/25/2018 12:00:00 AM,157,RAPE 1,104,RAPE,PL 1303501,F,M ,1,0,65+,M,WHITE,982285,201682,40.720255223,-74.00709028
183133048,05/25/2018 12:00:00 AM,155,RAPE 2,104,RAPE,PL 1303001,F,Q ,107,0,18-24,M,BLACK HISPANIC,1036790,205267,40.729939364,-73.810433142
183131370,05/25/2018 12:00:00 AM,157,RAPE 1,104,RAPE,PL 1303501,F,K ,77,0,25-44,M,WHITE HISPANIC,1003606,185050,40.674583308,-73.930221541
183117108,05/25/2018 12:00:00 AM,157,RAPE 1,104,RAPE,PL 1303501,F,K ,77,0,18-24,M,BLACK,1003606,185050,40.674583308,-73.930221541
183098765,05/25/2018 12:00:00 AM,157,RAPE 1,104,RAPE,PL 1303503,F,B ,41,0,25-44,M,WHITE HISPANIC,1013232,236725,40.816391847,-73.895296414
183074170,05/24/2018 12:00:00 AM,157,RAPE 1,104,RAPE,PL 1303501,F,K ,77,0,<18,M,BLACK HISPANIC,1003606,185050,40.674583308,-73.930221541
183066332,05/24/2018 12:00:00 AM,157,RAPE 1,104,RAPE,PL 1303502,F,B ,42,0,25-44,M,WHITE HISPANIC,1008798,238971,40.822569916,-73.911307169
183028005,05/23/2018 12:00:00 AM,155,RAPE 2,104,RAPE,PL 1303001,F,S ,120,0,45-64,M,BLACK,962748,174174,40.644726131,-74.077483159
183040996,05/23/2018 12:00:00 AM,153,RAPE 3,104,RAPE,PL 1302503,F,Q ,105,0,25-44,M,BLACK,1057636,203954,40.72618713,-73.735233904
183030000,05/23/2018 12:00:00 AM,157,RAPE 1,104,RAPE,PL 1303501,F,Q ,112,0,25-44,M,WHITE HISPANIC,1025420,202485,40.722363687,-73.851473894
182988345,05/22/2018 12:00:00 AM,157,RAPE 1,104,RAPE,PL 1303501,F,Q ,110,0,18-24,M,WHITE HISPANIC,1020255,210816,40.745252741,-73.87006287
182983222,05/22/2018 12:00:00 AM,157,RAPE 1,104,RAPE,PL 1303502,F,B ,40,2,18-24,M,BLACK,1004926,234532,40.810396019,-73.925310745
182945578,05/21/2018 12:00:00 AM,157,RAPE 1,104,RAPE,PL 1303501,F,K ,67,0,25-44,M,BLACK,998032,175598,40.648650085,-73.950335563
182948446,05/21/2018 12:00:00 AM,157,RAPE 1,104,RAPE,PL 1303501,F,K ,90,0,45-64,M,BLACK,997843,196573,40.706222013,-73.950974356
182960444,05/21/2018 12:00:00 AM,157,RAPE 1,104,RAPE,PL 1303501,F,K ,77,0,45-64,M,WHITE HISPANIC,1003606,185050,40.674583308,-73.930221541
182945522,05/21/2018 12:00:00 AM,157,RAPE 1,104,RAPE,PL 1303504,F,K ,77,0,25-44,M,BLACK,1003606,185050,40.674583308,-73.930221541
182925213,05/20/2018 12:00:00 AM,157,RAPE 1,104,RAPE,PL 1303504,F,B ,46,0,25-44,M,BLACK HISPANIC,1011881,250411,40.853960274,-73.900120875
182896306,05/19/2018 12:00:00 AM,153,RAPE 3,104,RAPE,PL 1302503,F,B ,43,0,45-64,M,BLACK,1020316,239179,40.823101299,-73.869690461
182802548,05/17/2018 12:00:00 AM,157,RAPE 1,104,RAPE,PL 1303501,F,K ,77,0,25-44,M,WHITE HISPANIC,1003606,185050,40.674583308,-73.930221541
182787387,05/16/2018 12:00:00 AM,157,RAPE 1,104,RAPE,PL 1303504,F,B ,44,0,18-24,M,WHITE HISPANIC,1006434,244344,40.837323511,-73.919830757
182761080,05/16/2018 12:00:00 AM,153,RAPE 3,104,RAPE,PL 1302503,F,Q ,112,0,45-64,M,BLACK HISPANIC,1025420,202485,40.722363687,-73.851473894
182791212,05/16/2018 12:00:00 AM,155,RAPE 2,104,RAPE,PL 1303002,F,K ,88,0,45-64,M,BLACK,995188,190691,40.690080972,-73.960559932
182744083,05/16/2018 12:00:00 AM,155,RAPE 2,104,RAPE,PL 1303001,F,K ,77,0,25-44,M,BLACK,1003606,185050,40.674583308,-73.930221541
182702111,05/15/2018 12:00:00 AM,153,RAPE 3,104,RAPE,PL 1302501,F,K ,84,0,<18,M,BLACK,989013,192652,40.695468941,-73.982825079
182698121,05/14/2018 12:00:00 AM,157,RAPE 1,104,RAPE,PL 1303501,F,B ,52,0,18-24,M,WHITE HISPANIC,1017542,255919,40.869058532,-73.879630148
182698148,05/14/2018 12:00:00 AM,157,RAPE 1,104,RAPE,PL 1303501,F,M ,25,0,25-44,M,BLACK,1000555,230994,40.800694331,-73.941109286
182684405,05/14/2018 12:00:00 AM,157,RAPE 1,104,RAPE,PL 1303501,F,Q ,112,0,25-44,M,WHITE HISPANIC,1025420,202485,40.722363687,-73.851473894
182684239,05/14/2018 12:00:00 AM,153,RAPE 3,104,RAPE,PL 1302503,F,B ,41,0,<18,M,WHITE HISPANIC,1013232,236725,40.816391847,-73.895296414
182664534,05/14/2018 12:00:00 AM,153,RAPE 3,104,RAPE,PL 1302503,F,Q ,115,0,25-44,M,WHITE,1018699,215043,40.756860977,-73.875656664
182647607,05/13/2018 12:00:00 AM,153,RAPE 3,104,RAPE,PL 1302503,F,K ,68,0,25-44,M,WHITE HISPANIC,978016,172087,40.639021672,-74.022463524
182619582,05/12/2018 12:00:00 AM,153,RAPE 3,104,RAPE,PL 1302501,F,K ,66,0,<18,M,WHITE HISPANIC,986633,167258,40.625768961,-73.991416822
182590379,05/11/2018 12:00:00 AM,157,RAPE 1,104,RAPE,PL 1303501,F,Q ,113,0,25-44,M,BLACK,1046367,186986,40.679700408,-73.776047368
182611756,05/11/2018 12:00:00 AM,153,RAPE 3,104,RAPE,PL 1302502,F,B ,42,0,18-24,M,BLACK,1008798,238971,40.822569916,-73.911307169
182597413,05/11/2018 12:00:00 AM,153,RAPE 3,104,RAPE,PL 1302503,F,B ,47,0,45-64,M,BLACK,1026387,262634,40.887451313,-73.847607787
174809087,02/14/2018 12:00:00 AM,157,RAPE 1,104,RAPE,PL 1303502,F,M ,25,0,25-44,M,BLACK,1000555,230994,40.800694331,-73.941109286
182548584,05/10/2018 12:00:00 AM,153,RAPE 3,104,RAPE,PL 1302502,F,K ,77,0,45-64,M,WHITE,1003606,185050,40.674583308,-73.930221541
182566914,05/10/2018 12:00:00 AM,153,RAPE 3,104,RAPE,PL 1302503,F,Q ,112,0,<18,M,BLACK HISPANIC,1025420,202485,40.722363687,-73.851473894
182527664,05/09/2018 12:00:00 AM,157,RAPE 1,104,RAPE,PL 1303501,F,Q ,112,0,25-44,M,BLACK,1025420,202485,40.722363687,-73.851473894
182504156,05/09/2018 12:00:00 AM,157,RAPE 1,104,RAPE,PL 1303501,F,B ,41,0,25-44,M,WHITE HISPANIC,1013232,236725,40.816391847,-73.895296414
182521682,05/09/2018 12:00:00 AM,157,RAPE 1,104,RAPE,PL 1303501,F,K ,77,0,65+,M,WHITE HISPANIC,1003606,185050,40.674583308,-73.930221541
182501908,05/09/2018 12:00:00 AM,157,RAPE 1,104,RAPE,PL 1303501,F,K ,77,0,18-24,M,WHITE HISPANIC,1003606,185050,40.674583308,-73.930221541
182499836,05/09/2018 12:00:00 AM,153,RAPE 3,104,RAPE,PL 1302503,F,K ,77,0,25-44,M,WHITE,1003606,185050,40.674583308,-73.930221541
182499828,05/09/2018 12:00:00 AM,153,RAPE 3,104,RAPE,PL 1302502,F,B ,41,0,25-44,M,BLACK HISPANIC,1013232,236725,40.816391847,-73.895296414
182446681,05/08/2018 12:00:00 AM,153,RAPE 3,104,RAPE,PL 1302502,F,K ,77,0,25-44,M,BLACK,1003606,185050,40.674583308,-73.930221541
182480546,05/08/2018 12:00:00 AM,157,RAPE 1,104,RAPE,PL 1303501,F,K ,77,0,45-64,M,WHITE HISPANIC,1003606,185050,40.674583308,-73.930221541
182476216,05/08/2018 12:00:00 AM,157,RAPE 1,104,RAPE,PL 1303501,F,K ,77,0,25-44,M,BLACK,1003606,185050,40.674583308,-73.930221541
182473924,05/08/2018 12:00:00 AM,153,RAPE 3,104,RAPE,PL 1302503,F,Q ,112,0,18-24,M,ASIAN / PACIFIC ISLANDER,1025420,202485,40.722363687,-73.851473894
182364992,05/07/2018 12:00:00 AM,155,RAPE 2,104,RAPE,PL 1303001,F,Q ,105,0,18-24,M,UNKNOWN,1057636,203954,40.72618713,-73.735233904
182418075,05/07/2018 12:00:00 AM,155,RAPE 2,104,RAPE,PL 1303001,F,B ,48,0,18-24,M,WHITE HISPANIC,1011779,246746,40.843901255,-73.900504632
182418237,05/07/2018 12:00:00 AM,153,RAPE 3,104,RAPE,PL 1302501,F,Q ,112,0,18-24,M,WHITE HISPANIC,1025420,202485,40.722363687,-73.851473894
182345977,05/06/2018 12:00:00 AM,157,RAPE 1,104,RAPE,PL 1303501,F,K ,77,0,45-64,M,WHITE,1003606,185050,40.674583308,-73.930221541
182357831,05/06/2018 12:00:00 AM,157,RAPE 1,104,RAPE,PL 1303503,F,Q ,112,0,<18,M,WHITE HISPANIC,1025420,202485,40.722363687,-73.851473894
182327627,05/05/2018 12:00:00 AM,153,RAPE 3,104,RAPE,PL 1302503,F,K ,60,0,45-64,M,WHITE HISPANIC,990922,149184,40.5761573,-73.9759838
182327624,05/05/2018 12:00:00 AM,153,RAPE 3,104,RAPE,PL 1302503,F,K ,60,0,45-64,M,WHITE HISPANIC,990922,149184,40.5761573,-73.9759838
181271607,05/04/2018 12:00:00 AM,155,RAPE 2,104,RAPE,PL 1303001,F,M ,5,0,18-24,M,BLACK,984946,200203,40.716195914,-73.997490746
181175951,05/04/2018 12:00:00 AM,153,RAPE 3,104,RAPE,PL 1302502,F,B ,41,0,18-24,M,BLACK,1013232,236725,40.816391847,-73.895296414
179973738,05/03/2018 12:00:00 AM,157,RAPE 1,104,RAPE,PL 1303501,F,Q ,112,0,45-64,M,ASIAN / PACIFIC ISLANDER,1025420,202485,40.722363687,-73.851473894
179829566,05/03/2018 12:00:00 AM,153,RAPE 3,104,RAPE,PL 1302502,F,M ,25,0,25-44,M,BLACK,1000555,230994,40.800694331,-73.941109286
180158981,05/03/2018 12:00:00 AM,153,RAPE 3,104,RAPE,PL 1302502,F,B ,44,0,18-24,M,WHITE HISPANIC,1006434,244344,40.837323511,-73.919830757
180356587,05/03/2018 12:00:00 AM,157,RAPE 1,104,RAPE,PL 1303504,F,M ,7,0,25-44,M,UNKNOWN,988708,200317,40.716507722,-73.983919899
180158985,05/03/2018 12:00:00 AM,157,RAPE 1,104,RAPE,PL 1303502,F,K ,77,0,45-64,M,BLACK,1003606,185050,40.674583308,-73.930221541
178846724,05/02/2018 12:00:00 AM,157,RAPE 1,104,RAPE,PL 1303501,F,K ,84,0,18-24,M,ASIAN / PACIFIC ISLANDER,989013,192652,40.695468941,-73.982825079
178928938,05/02/2018 12:00:00 AM,157,RAPE 1,104,RAPE,PL 1303501,F,Q ,100,0,18-24,M,BLACK,1035212,152992,40.586465529,-73.816521723
178853804,05/02/2018 12:00:00 AM,157,RAPE 1,104,RAPE,PL 1303501,F,M ,25,1,25-44,M,WHITE HISPANIC,1000555,230994,40.800694331,-73.941109286
178876948,05/02/2018 12:00:00 AM,153,RAPE 3,104,RAPE,PL 1302503,F,K ,77,0,25-44,M,WHITE HISPANIC,1003606,185050,40.674583308,-73.930221541
178853809,05/02/2018 12:00:00 AM,153,RAPE 3,104,RAPE,PL 1302503,F,Q ,112,0,<18,M,WHITE HISPANIC,1025420,202485,40.722363687,-73.851473894
178853818,05/02/2018 12:00:00 AM,155,RAPE 2,104,RAPE,PL 1303001,F,S ,120,0,25-44,F,BLACK,962748,174174,40.644726131,-74.077483159
178788863,05/01/2018 12:00:00 AM,157,RAPE 1,104,RAPE,PL 1303501,F,Q ,112,0,25-44,M,BLACK HISPANIC,1025420,202485,40.722363687,-73.851473894
178804044,05/01/2018 12:00:00 AM,153,RAPE 3,104,RAPE,PL 1302503,F,K ,77,0,25-44,M,WHITE HISPANIC,1003606,185050,40.674583308,-73.930221541
178755884,04/30/2018 12:00:00 AM,157,RAPE 1,104,RAPE,PL 1303501,F,K ,77,0,25-44,M,BLACK,1003606,185050,40.674583308,-73.930221541
178734466,04/29/2018 12:00:00 AM,157,RAPE 1,104,RAPE,PL 1303501,F,K ,79,0,45-64,M,BLACK,999634,190253,40.688872153,-73.944529032
178719114,04/29/2018 12:00:00 AM,157,RAPE 1,104,RAPE,PL 1303501,F,B ,47,0,45-64,M,BLACK,1026387,262634,40.887451313,-73.847607787
178709369,04/28/2018 12:00:00 AM,153,RAPE 3,104,RAPE,PL 1302502,F,K ,77,0,25-44,M,BLACK,1003606,185050,40.674583308,-73.930221541
178680021,04/27/2018 12:00:00 AM,157,RAPE 1,104,RAPE,PL 1303501,F,K ,77,0,25-44,M,BLACK,1003606,185050,40.674583308,-73.930221541
178630278,04/26/2018 12:00:00 AM,157,RAPE 1,104,RAPE,PL 1303501,F,B ,45,0,18-24,M,BLACK HISPANIC,1032047,242037,40.830889993,-73.82728462
178643289,04/26/2018 12:00:00 AM,157,RAPE 1,104,RAPE,PL 1303502,F,B ,41,0,45-64,M,BLACK HISPANIC,1013232,236725,40.816391847,-73.895296414
178619321,04/26/2018 12:00:00 AM,157,RAPE 1,104,RAPE,PL 1303501,F,B ,45,0,25-44,M,WHITE HISPANIC,1032047,242037,40.830889993,-73.82728462
178650769,04/26/2018 12:00:00 AM,157,RAPE 1,104,RAPE,PL 1303501,F,B ,43,2,25-44,M,BLACK,1020316,239179,40.823101299,-73.869690461
178603724,04/25/2018 12:00:00 AM,155,RAPE 2,104,RAPE,PL 1303001,F,Q ,115,0,18-24,M,WHITE HISPANIC,1018699,215043,40.756860977,-73.875656664
178597819,04/25/2018 12:00:00 AM,157,RAPE 1,104,RAPE,PL 1303502,F,K ,77,0,18-24,M,WHITE HISPANIC,1003606,185050,40.674583308,-73.930221541
178572920,04/25/2018 12:00:00 AM,157,RAPE 1,104,RAPE,PL 1303501,F,Q ,114,0,25-44,M,WHITE,1007654,219564,40.769306087,-73.91550818
178553648,04/24/2018 12:00:00 AM,157,RAPE 1,104,RAPE,PL 1303501,F,M ,25,0,45-64,M,WHITE HISPANIC,1000555,230994,40.800694331,-73.941109286
178557923,04/24/2018 12:00:00 AM,157,RAPE 1,104,RAPE,PL 1303501,F,Q ,115,0,25-44,M,WHITE HISPANIC,1018699,215043,40.756860977,-73.875656664
178555901,04/24/2018 12:00:00 AM,153,RAPE 3,104,RAPE,PL 1302502,F,Q ,112,0,25-44,M,BLACK,1025420,202485,40.722363687,-73.851473894
178543676,04/24/2018 12:00:00 AM,157,RAPE 1,104,RAPE,PL 1303501,F,B ,41,0,18-24,M,BLACK HISPANIC,1013232,236725,40.816391847,-73.895296414
178540717,04/24/2018 12:00:00 AM,157,RAPE 1,104,RAPE,PL 1303501,F,Q ,102,0,25-44,M,BLACK,1030954,193887,40.698736773,-73.831568765
178537935,04/24/2018 12:00:00 AM,155,RAPE 2,104,RAPE,PL 1303001,F,K ,77,0,25-44,M,WHITE HISPANIC,1003606,185050,40.674583308,-73.930221541
178474790,04/22/2018 12:00:00 AM,157,RAPE 1,104,RAPE,PL 1303501,F,Q ,101,0,25-44,M,WHITE HISPANIC,1053678,159044,40.602951591,-73.749976261
178467823,04/22/2018 12:00:00 AM,157,RAPE 1,104,RAPE,PL 1303501,F,B ,52,0,25-44,M,WHITE HISPANIC,1017542,255919,40.869058532,-73.879630148
178457331,04/22/2018 12:00:00 AM,157,RAPE 1,104,RAPE,PL 1303501,F,Q ,115,0,45-64,M,WHITE HISPANIC,1018699,215043,40.756860977,-73.875656664
178451359,04/21/2018 12:00:00 AM,157,RAPE 1,104,RAPE,PL 1303501,F,Q ,105,0,25-44,M,ASIAN / PACIFIC ISLANDER,1057636,203954,40.72618713,-73.735233904
178381759,04/19/2018 12:00:00 AM,155,RAPE 2,104,RAPE,PL 1303001,F,K ,77,0,45-64,M,BLACK,1003606,185050,40.674583308,-73.930221541
178346225,04/19/2018 12:00:00 AM,153,RAPE 3,104,RAPE,PL 1302503,F,Q ,112,0,<18,M,WHITE HISPANIC,1025420,202485,40.722363687,-73.851473894
178306865,04/18/2018 12:00:00 AM,157,RAPE 1,104,RAPE,PL 1303501,F,K ,77,0,25-44,M,WHITE HISPANIC,1003606,185050,40.674583308,-73.930221541
178309483,04/18/2018 12:00:00 AM,157,RAPE 1,104,RAPE,PL 1303502,F,M ,25,0,45-64,M,BLACK,1000555,230994,40.800694331,-73.941109286
178300257,04/18/2018 12:00:00 AM,157,RAPE 1,104,RAPE,PL 1303501,F,Q ,112,0,65+,M,WHITE,1025420,202485,40.722363687,-73.851473894
178292486,04/18/2018 12:00:00 AM,155,RAPE 2,104,RAPE,PL 1303001,F,Q ,112,0,18-24,M,BLACK,1025420,202485,40.722363687,-73.851473894
178292491,04/18/2018 12:00:00 AM,157,RAPE 1,104,RAPE,PL 1303501,F,S ,121,0,25-44,M,BLACK,942428,166536,40.623688822,-74.150658133
178306872,04/18/2018 12:00:00 AM,153,RAPE 3,104,RAPE,PL 1302502,F,M ,25,0,25-44,M,WHITE,1000555,230994,40.800694331,-73.941109286
178298121,04/18/2018 12:00:00 AM,155,RAPE 2,104,RAPE,PL 1303001,F,K ,77,0,18-24,M,BLACK,1003606,185050,40.674583308,-73.930221541
178260044,04/17/2018 12:00:00 AM,157,RAPE 1,104,RAPE,PL 1303501,F,Q ,112,0,<18,M,BLACK,1025420,202485,40.722363687,-73.851473894
178255362,04/17/2018 12:00:00 AM,153,RAPE 3,104,RAPE,PL 1302502,F,Q ,112,0,45-64,M,WHITE HISPANIC,1025420,202485,40.722363687,-73.851473894
178249788,04/17/2018 12:00:00 AM,157,RAPE 1,104,RAPE,PL 1303502,F,Q ,112,0,18-24,M,BLACK,1025420,202485,40.722363687,-73.851473894
178279072,04/17/2018 12:00:00 AM,153,RAPE 3,104,RAPE,PL 1302503,F,Q ,112,0,18-24,M,BLACK,1025420,202485,40.722363687,-73.851473894
178255335,04/17/2018 12:00:00 AM,157,RAPE 1,104,RAPE,PL 1303501,F,K ,77,0,25-44,M,ASIAN / PACIFIC ISLANDER,1003606,185050,40.674583308,-73.930221541
178249794,04/17/2018 12:00:00 AM,155,RAPE 2,104,RAPE,PL 1303001,F,Q ,112,0,18-24,M,BLACK,1025420,202485,40.722363687,-73.851473894
178217657,04/16/2018 12:00:00 AM,153,RAPE 3,104,RAPE,PL 1302502,F,B ,41,0,18-24,M,WHITE HISPANIC,1013232,236725,40.816391847,-73.895296414
178234007,04/16/2018 12:00:00 AM,153,RAPE 3,104,RAPE,PL 1302502,F,K ,77,0,18-24,M,WHITE HISPANIC,1003606,185050,40.674583308,-73.930221541
178199080,04/15/2018 12:00:00 AM,157,RAPE 1,104,RAPE,PL 1303501,F,S ,121,0,25-44,M,WHITE,942428,166536,40.623688822,-74.150658133
178189581,04/15/2018 12:00:00 AM,153,RAPE 3,104,RAPE,PL 1302503,F,K ,69,0,25-44,M,BLACK,1010641,175525,40.648421119,-73.904897109
178162416,04/14/2018 12:00:00 AM,153,RAPE 3,104,RAPE,PL 1302502,F,Q ,107,0,18-24,M,ASIAN / PACIFIC ISLANDER,1036790,205267,40.729939364,-73.810433142
177864698,04/06/2018 12:00:00 AM,153,RAPE 3,104,RAPE,PL 1302503,F,K ,77,0,18-24,M,WHITE,1003606,185050,40.674583308,-73.930221541
178136828,04/13/2018 12:00:00 AM,153,RAPE 3,104,RAPE,PL 1302503,F,K ,72,0,18-24,M,WHITE HISPANIC,983964,179071,40.658193432,-74.001032243
178129834,04/13/2018 12:00:00 AM,157,RAPE 1,104,RAPE,PL 1303501,F,K ,77,0,18-24,M,BLACK,1003606,185050,40.674583308,-73.930221541
178087771,04/12/2018 12:00:00 AM,157,RAPE 1,104,RAPE,PL 1303501,F,Q ,112,0,<18,M,BLACK,1025420,202485,40.722363687,-73.851473894
178107977,04/12/2018 12:00:00 AM,157,RAPE 1,104,RAPE,PL 1303501,F,B ,44,0,25-44,M,BLACK,1006434,244344,40.837323511,-73.919830757
178075811,04/12/2018 12:00:00 AM,153,RAPE 3,104,RAPE,PL 1302503,F,K ,69,0,25-44,M,BLACK,1010641,175525,40.648421119,-73.904897109
178071526,04/12/2018 12:00:00 AM,157,RAPE 1,104,RAPE,PL 1303504,F,B ,41,0,45-64,M,BLACK HISPANIC,1013232,236725,40.816391847,-73.895296414
178099580,04/12/2018 12:00:00 AM,157,RAPE 1,104,RAPE,PL 1303502,F,B ,46,0,45-64,M,BLACK,1011881,250411,40.853960274,-73.900120875
178031271,04/11/2018 12:00:00 AM,157,RAPE 1,104,RAPE,PL 1303501,F,K ,77,0,25-44,M,BLACK HISPANIC,1003606,185050,40.674583308,-73.930221541
178005146,04/10/2018 12:00:00 AM,157,RAPE 1,104,RAPE,PL 1303501,F,Q ,109,0,18-24,M,ASIAN / PACIFIC ISLANDER,1032198,217060,40.762334218,-73.826917308
177990777,04/10/2018 12:00:00 AM,157,RAPE 1,104,RAPE,PL 1303501,F,Q ,109,0,25-44,M,ASIAN / PACIFIC ISLANDER,1032198,217060,40.762334218,-73.826917308
177980843,04/10/2018 12:00:00 AM,153,RAPE 3,104,RAPE,PL 1302502,F,Q ,112,0,18-24,M,WHITE HISPANIC,1025420,202485,40.722363687,-73.851473894
178002710,04/10/2018 12:00:00 AM,157,RAPE 1,104,RAPE,PL 1303501,F,B ,43,0,45-64,M,AMERICAN INDIAN/ALASKAN NATIVE,1020316,239179,40.823101299,-73.869690461
177973085,04/10/2018 12:00:00 AM,157,RAPE 1,104,RAPE,PL 1303501,F,M ,1,0,18-24,M,WHITE HISPANIC,982285,201682,40.720255223,-74.00709028
177977356,04/10/2018 12:00:00 AM,157,RAPE 1,104,RAPE,PL 1303501,F,K ,77,0,25-44,M,WHITE HISPANIC,1003606,185050,40.674583308,-73.930221541
177903378,04/07/2018 12:00:00 AM,157,RAPE 1,104,RAPE,PL 1303501,F,M ,23,0,25-44,M,WHITE HISPANIC,998730,226827,40.789260224,-73.947710001
177884916,04/07/2018 12:00:00 AM,153,RAPE 3,104,RAPE,PL 1302501,F,Q ,107,0,18-24,M,WHITE,1036790,205267,40.729939364,-73.810433142
177903391,04/07/2018 12:00:00 AM,153,RAPE 3,104,RAPE,PL 1302502,F,Q ,112,0,25-44,M,WHITE HISPANIC,1025420,202485,40.722363687,-73.851473894
177870801,04/06/2018 12:00:00 AM,155,RAPE 2,104,RAPE,PL 1303001,F,B ,41,0,25-44,M,WHITE HISPANIC,1013232,236725,40.816391847,-73.895296414
177860451,04/06/2018 12:00:00 AM,153,RAPE 3,104,RAPE,PL 1302502,F,M ,25,0,25-44,M,BLACK HISPANIC,1000555,230994,40.800694331,-73.941109286
177864683,04/06/2018 12:00:00 AM,157,RAPE 1,104,RAPE,PL 1303501,F,B ,41,0,25-44,M,WHITE HISPANIC,1013232,236725,40.816391847,-73.895296414
177878481,04/06/2018 12:00:00 AM,153,RAPE 3,104,RAPE,PL 1302503,F,Q ,113,3,25-44,M,BLACK,1046367,186986,40.679700408,-73.776047368
177832276,04/05/2018 12:00:00 AM,157,RAPE 1,104,RAPE,PL 1303502,F,K ,61,0,25-44,M,WHITE,995244,155739,40.594145169,-73.960414952
177830245,04/05/2018 12:00:00 AM,155,RAPE 2,104,RAPE,PL 1303001,F,B ,41,0,25-44,M,BLACK,1013232,236725,40.816391847,-73.895296414
177828579,04/05/2018 12:00:00 AM,157,RAPE 1,104,RAPE,PL 1303501,F,Q ,102,0,45-64,M,BLACK,1030954,193887,40.698736773,-73.831568765
177782060,04/04/2018 12:00:00 AM,157,RAPE 1,104,RAPE,PL 1303501,F,M ,25,0,18-24,M,WHITE HISPANIC,1000555,230994,40.800694331,-73.941109286
177784143,04/04/2018 12:00:00 AM,157,RAPE 1,104,RAPE,PL 1303501,F,B ,41,0,25-44,M,WHITE HISPANIC,1013232,236725,40.816391847,-73.895296414
177720337,04/04/2018 12:00:00 AM,153,RAPE 3,104,RAPE,PL 1302503,F,K ,75,2,25-44,M,BLACK,1017141,183798,40.671106911,-73.881432957
177795843,04/04/2018 12:00:00 AM,157,RAPE 1,104,RAPE,PL 1303501,F,M ,25,0,25-44,M,BLACK,1000555,230994,40.800694331,-73.941109286
177441325,04/02/2018 12:00:00 AM,157,RAPE 1,104,RAPE,PL 1303503,F,S ,120,0,45-64,M,WHITE HISPANIC,962748,174174,40.644726131,-74.077483159
177172046,03/31/2018 12:00:00 AM,157,RAPE 1,104,RAPE,PL 1303501,F,K ,69,0,45-64,M,WHITE,1010641,175525,40.648421119,-73.904897109
177140911,03/30/2018 12:00:00 AM,153,RAPE 3,104,RAPE,PL 1302503,F,K ,77,0,<18,M,BLACK,1003606,185050,40.674583308,-73.930221541
177137602,03/30/2018 12:00:00 AM,153,RAPE 3,104,RAPE,PL 1302503,F,Q ,107,0,18-24,M,WHITE HISPANIC,1036790,205267,40.729939364,-73.810433142
177104115,03/29/2018 12:00:00 AM,157,RAPE 1,104,RAPE,PL 1303501,F,Q ,114,0,<18,M,BLACK,1007654,219564,40.769306087,-73.91550818
176684644,03/29/2018 12:00:00 AM,157,RAPE 1,104,RAPE,PL 1303501,F,M ,25,0,25-44,M,ASIAN / PACIFIC ISLANDER,1000555,230994,40.800694331,-73.941109286
177098527,03/29/2018 12:00:00 AM,157,RAPE 1,104,RAPE,PL 1303501,F,M ,25,0,25-44,M,BLACK HISPANIC,1000555,230994,40.800694331,-73.941109286
177119986,03/29/2018 12:00:00 AM,157,RAPE 1,104,RAPE,PL 1303501,F,K ,77,0,18-24,M,BLACK,1003606,185050,40.674583308,-73.930221541
176339408,03/27/2018 12:00:00 AM,153,RAPE 3,104,RAPE,PL 1302503,F,Q ,112,0,18-24,M,WHITE,1025420,202485,40.722363687,-73.851473894
176369398,03/27/2018 12:00:00 AM,157,RAPE 1,104,RAPE,PL 1303504,F,M ,25,0,25-44,M,BLACK,1000555,230994,40.800694331,-73.941109286
176373380,03/27/2018 12:00:00 AM,157,RAPE 1,104,RAPE,PL 1303501,F,Q ,115,0,25-44,M,WHITE HISPANIC,1018699,215043,40.756860977,-73.875656664
175828606,03/13/2018 12:00:00 AM,157,RAPE 1,104,RAPE,PL 1303501,F,K ,77,0,25-44,M,BLACK,1003606,185050,40.674583308,-73.930221541
176340823,03/27/2018 12:00:00 AM,153,RAPE 3,104,RAPE,PL 1302502,F,M ,25,2,45-64,M,BLACK,1000555,230994,40.800694331,-73.941109286
176317605,03/26/2018 12:00:00 AM,157,RAPE 1,104,RAPE,PL 1303501,F,M ,14,0,25-44,M,WHITE HISPANIC,985679,213954,40.753938938,-73.994843655
176317601,03/26/2018 12:00:00 AM,157,RAPE 1,104,RAPE,PL 1303501,F,M ,14,0,25-44,M,BLACK HISPANIC,985679,213954,40.753938938,-73.994843655
175772714,03/12/2018 12:00:00 AM,157,RAPE 1,104,RAPE,PL 1303501,F,B ,43,0,45-64,M,WHITE HISPANIC,1020316,239179,40.823101299,-73.869690461
175712400,03/09/2018 12:00:00 AM,157,RAPE 1,104,RAPE,PL 1303501,F,K ,77,0,<18,M,BLACK,1003606,185050,40.674583308,-73.930221541
176232141,03/23/2018 12:00:00 AM,157,RAPE 1,104,RAPE,PL 1303501,F,Q ,109,0,18-24,M,BLACK HISPANIC,1032198,217060,40.762334218,-73.826917308
176214691,03/23/2018 12:00:00 AM,157,RAPE 1,104,RAPE,PL 1303501,F,Q ,106,0,18-24,M,BLACK,1028713,187853,40.682186401,-73.839690483
176192665,03/22/2018 12:00:00 AM,153,RAPE 3,104,RAPE,PL 1302502,F,B ,41,0,18-24,M,BLACK HISPANIC,1013232,236725,40.816391847,-73.895296414
176180691,03/22/2018 12:00:00 AM,153,RAPE 3,104,RAPE,PL 1302502,F,B ,44,0,18-24,M,BLACK,1006434,244344,40.837323511,-73.919830757
176140468,03/21/2018 12:00:00 AM,157,RAPE 1,104,RAPE,PL 1303501,F,Q ,112,0,45-64,M,ASIAN / PACIFIC ISLANDER,1025420,202485,40.722363687,-73.851473894
176148311,03/21/2018 12:00:00 AM,157,RAPE 1,104,RAPE,PL 1303501,F,K ,77,0,25-44,M,BLACK,1003606,185050,40.674583308,-73.930221541
176090087,03/20/2018 12:00:00 AM,153,RAPE 3,104,RAPE,PL 1302503,F,Q ,115,3,25-44,M,BLACK,1018699,215043,40.756860977,-73.875656664
176077940,03/19/2018 12:00:00 AM,157,RAPE 1,104,RAPE,PL 1303501,F,Q ,103,0,25-44,M,WHITE HISPANIC,1041749,196938,40.707047475,-73.792611904
176077991,03/19/2018 12:00:00 AM,153,RAPE 3,104,RAPE,PL 1302502,F,Q ,114,0,25-44,M,WHITE,1007654,219564,40.769306087,-73.91550818
176077584,03/19/2018 12:00:00 AM,157,RAPE 1,104,RAPE,PL 1303501,F,B ,41,0,25-44,M,BLACK,1013232,236725,40.816391847,-73.895296414
176013182,03/18/2018 12:00:00 AM,157,RAPE 1,104,RAPE,PL 1303501,F,M ,25,0,25-44,M,BLACK,1000555,230994,40.800694331,-73.941109286
175979756,03/17/2018 12:00:00 AM,157,RAPE 1,104,RAPE,PL 1303501,F,Q ,106,0,25-44,M,BLACK HISPANIC,1028713,187853,40.682186401,-73.839690483
175974329,03/17/2018 12:00:00 AM,157,RAPE 1,104,RAPE,PL 1303501,F,B ,40,0,25-44,M,BLACK,1004926,234532,40.810396019,-73.925310745
175947862,03/16/2018 12:00:00 AM,157,RAPE 1,104,RAPE,PL 1303504,F,B ,49,0,<18,M,WHITE HISPANIC,1027295,251236,40.856162957,-73.844397124
175959448,03/16/2018 12:00:00 AM,153,RAPE 3,104,RAPE,PL 1302501,F,K ,77,0,25-44,M,BLACK,1003606,185050,40.674583308,-73.930221541
175972857,03/16/2018 12:00:00 AM,157,RAPE 1,104,RAPE,PL 1303501,F,B ,41,0,<18,M,BLACK,1013232,236725,40.816391847,-73.895296414
175972859,03/16/2018 12:00:00 AM,157,RAPE 1,104,RAPE,PL 1303501,F,B ,41,0,<18,F,BLACK HISPANIC,1013232,236725,40.816391847,-73.895296414
175964271,03/16/2018 12:00:00 AM,157,RAPE 1,104,RAPE,PL 1303501,F,K ,66,0,25-44,M,BLACK HISPANIC,986633,167258,40.625768961,-73.991416822
175929942,03/15/2018 12:00:00 AM,153,RAPE 3,104,RAPE,PL 1302501,F,K ,72,0,45-64,M,BLACK,983964,179071,40.658193432,-74.001032243
175888585,03/14/2018 12:00:00 AM,153,RAPE 3,104,RAPE,PL 1302502,F,K ,67,0,25-44,M,BLACK,998032,175598,40.648650085,-73.950335563
175878835,03/14/2018 12:00:00 AM,157,RAPE 1,104,RAPE,PL 1303501,F,B ,46,0,45-64,M,WHITE HISPANIC,1011881,250411,40.853960274,-73.900120875
175884715,03/14/2018 12:00:00 AM,157,RAPE 1,104,RAPE,PL 1303501,F,K ,77,0,25-44,M,BLACK HISPANIC,1003606,185050,40.674583308,-73.930221541
175824107,03/13/2018 12:00:00 AM,153,RAPE 3,104,RAPE,PL 1302502,F,Q ,112,0,25-44,M,BLACK,1025420,202485,40.722363687,-73.851473894
175848007,03/13/2018 12:00:00 AM,157,RAPE 1,104,RAPE,PL 1303501,F,K ,77,0,25-44,M,WHITE HISPANIC,1003606,185050,40.674583308,-73.930221541
175755799,03/11/2018 12:00:00 AM,155,RAPE 2,104,RAPE,PL 1303001,F,M ,25,0,18-24,M,BLACK HISPANIC,1000555,230994,40.800694331,-73.941109286
175732091,03/10/2018 12:00:00 AM,155,RAPE 2,104,RAPE,PL 1303001,F,B ,49,0,45-64,M,BLACK,1027295,251236,40.856162957,-73.844397124
175684948,03/09/2018 12:00:00 AM,157,RAPE 1,104,RAPE,PL 1303504,F,K ,84,0,45-64,M,BLACK,989013,192652,40.695468941,-73.982825079
175713924,03/09/2018 12:00:00 AM,157,RAPE 1,104,RAPE,PL 1303501,F,K ,77,0,<18,M,BLACK,1003606,185050,40.674583308,-73.930221541
175688359,03/09/2018 12:00:00 AM,157,RAPE 1,104,RAPE,PL 1303501,F,M ,25,0,25-44,M,ASIAN / PACIFIC ISLANDER,1000555,230994,40.800694331,-73.941109286
175581722,03/08/2018 12:00:00 AM,157,RAPE 1,104,RAPE,PL 1303501,F,Q ,113,0,25-44,M,BLACK,1046367,186986,40.679700408,-73.776047368
175573235,03/08/2018 12:00:00 AM,157,RAPE 1,104,RAPE,PL 1303502,F,Q ,115,0,25-44,M,WHITE HISPANIC,1018699,215043,40.756860977,-73.875656664
175661387,03/08/2018 12:00:00 AM,153,RAPE 3,104,RAPE,PL 1302501,F,Q ,111,0,<18,M,WHITE HISPANIC,1048565,216315,40.760185479,-73.767842585
175572816,03/08/2018 12:00:00 AM,157,RAPE 1,104,RAPE,PL 1303502,F,Q ,115,0,25-44,M,WHITE HISPANIC,1018699,215043,40.756860977,-73.875656664
175677043,03/08/2018 12:00:00 AM,157,RAPE 1,104,RAPE,PL 1303501,F,K ,77,0,18-24,M,ASIAN / PACIFIC ISLANDER,1003606,185050,40.674583308,-73.930221541
175671285,03/08/2018 12:00:00 AM,157,RAPE 1,104,RAPE,PL 1303501,F,K ,77,0,<18,M,BLACK HISPANIC,1003606,185050,40.674583308,-73.930221541
175677052,03/08/2018 12:00:00 AM,157,RAPE 1,104,RAPE,PL 1303503,F,M ,9,2,25-44,M,BLACK,987624,203977,40.726554019,-73.987828427
175549745,03/07/2018 12:00:00 AM,153,RAPE 3,104,RAPE,PL 1302502,F,Q ,112,0,25-44,M,WHITE HISPANIC,1025420,202485,40.722363687,-73.851473894
175507997,03/06/2018 12:00:00 AM,157,RAPE 1,104,RAPE,PL 1303503,F,K ,77,0,25-44,M,WHITE HISPANIC,1003606,185050,40.674583308,-73.930221541
175492718,03/06/2018 12:00:00 AM,157,RAPE 1,104,RAPE,PL 1303501,F,Q ,112,0,25-44,M,ASIAN / PACIFIC ISLANDER,1025420,202485,40.722363687,-73.851473894
175459875,03/05/2018 12:00:00 AM,157,RAPE 1,104,RAPE,PL 1303501,F,K ,84,0,25-44,M,BLACK,989013,192652,40.695468941,-73.982825079
175475112,03/05/2018 12:00:00 AM,155,RAPE 2,104,RAPE,PL 1303002,F,K ,66,0,25-44,M,BLACK,986633,167258,40.625768961,-73.991416822
175436770,03/04/2018 12:00:00 AM,157,RAPE 1,104,RAPE,PL 1303501,F,B ,41,0,25-44,M,WHITE HISPANIC,1013232,236725,40.816391847,-73.895296414
175439014,03/04/2018 12:00:00 AM,157,RAPE 1,104,RAPE,PL 1303501,F,M ,28,0,18-24,M,BLACK,997376,233927,40.808749904,-73.952585806
175427564,03/04/2018 12:00:00 AM,157,RAPE 1,104,RAPE,PL 1303501,F,Q ,103,0,25-44,M,BLACK,1041749,196938,40.707047475,-73.792611904
175387554,03/02/2018 12:00:00 AM,153,RAPE 3,104,RAPE,PL 1302501,F,B ,46,0,45-64,M,BLACK,1011881,250411,40.853960274,-73.900120875
175358997,03/01/2018 12:00:00 AM,153,RAPE 3,104,RAPE,PL 1302502,F,Q ,101,0,<18,M,WHITE HISPANIC,1053678,159044,40.602951591,-73.749976261
175327154,03/01/2018 12:00:00 AM,157,RAPE 1,104,RAPE,PL 1303501,F,K ,77,0,25-44,M,BLACK,1003606,185050,40.674583308,-73.930221541
175311357,03/01/2018 12:00:00 AM,153,RAPE 3,104,RAPE,PL 1302502,F,K ,77,0,18-24,M,WHITE HISPANIC,1003606,185050,40.674583308,-73.930221541
175327144,03/01/2018 12:00:00 AM,155,RAPE 2,104,RAPE,PL 130301T,F,B ,41,0,18-24,M,BLACK HISPANIC,1013232,236725,40.816391847,-73.895296414
175343137,03/01/2018 12:00:00 AM,157,RAPE 1,104,RAPE,PL 1303501,F,Q ,112,0,<18,M,ASIAN / PACIFIC ISLANDER,1025420,202485,40.722363687,-73.851473894
175343141,03/01/2018 12:00:00 AM,153,RAPE 3,104,RAPE,PL 1302502,F,Q ,112,0,18-24,F,WHITE HISPANIC,1025420,202485,40.722363687,-73.851473894
175311252,02/28/2018 12:00:00 AM,155,RAPE 2,104,RAPE,PL 1303001,F,Q ,112,0,18-24,M,BLACK HISPANIC,1025420,202485,40.722363687,-73.851473894
175270998,02/28/2018 12:00:00 AM,157,RAPE 1,104,RAPE,PL 1303501,F,K ,84,0,<18,M,WHITE HISPANIC,989013,192652,40.695468941,-73.982825079
175264778,02/27/2018 12:00:00 AM,153,RAPE 3,104,RAPE,PL 1302502,F,B ,47,0,25-44,M,WHITE,1026387,262634,40.887451313,-73.847607787
175210991,02/26/2018 12:00:00 AM,153,RAPE 3,104,RAPE,PL 1302501,F,K ,77,0,45-64,M,BLACK,1003606,185050,40.674583308,-73.930221541
175204893,02/26/2018 12:00:00 AM,153,RAPE 3,104,RAPE,PL 1302503,F,Q ,112,0,45-64,M,ASIAN / PACIFIC ISLANDER,1025420,202485,40.722363687,-73.851473894
175135990,02/23/2018 12:00:00 AM,157,RAPE 1,104,RAPE,PL 1303501,F,Q ,115,0,25-44,M,WHITE HISPANIC,1018699,215043,40.756860977,-73.875656664
175080223,02/22/2018 12:00:00 AM,153,RAPE 3,104,RAPE,PL 1302503,F,B ,44,0,25-44,M,BLACK,1006434,244344,40.837323511,-73.919830757
175098668,02/22/2018 12:00:00 AM,153,RAPE 3,104,RAPE,PL 1302502,F,K ,77,0,25-44,M,BLACK,1003606,185050,40.674583308,-73.930221541
175040674,02/21/2018 12:00:00 AM,157,RAPE 1,104,RAPE,PL 1303501,F,K ,75,0,18-24,M,BLACK,1017141,183798,40.671106911,-73.881432957
175031542,02/21/2018 12:00:00 AM,157,RAPE 1,104,RAPE,PL 1303501,F,M ,32,0,25-44,M,BLACK,999358,236472,40.815732053,-73.945420411
175014296,02/20/2018 12:00:00 AM,155,RAPE 2,104,RAPE,PL 1303001,F,M ,1,0,25-44,M,BLACK,982285,201682,40.720255223,-74.00709028
175012366,02/20/2018 12:00:00 AM,155,RAPE 2,104,RAPE,PL 1303001,F,B ,41,0,25-44,M,BLACK HISPANIC,1013232,236725,40.816391847,-73.895296414
174999843,02/20/2018 12:00:00 AM,157,RAPE 1,104,RAPE,PL 1303501,F,M ,25,0,45-64,M,WHITE HISPANIC,1000555,230994,40.800694331,-73.941109286
175027096,02/20/2018 12:00:00 AM,157,RAPE 1,104,RAPE,PL 1303501,F,K ,75,0,65+,M,BLACK,1017141,183798,40.671106911,-73.881432957
174962507,02/19/2018 12:00:00 AM,157,RAPE 1,104,RAPE,PL 1303501,F,M ,25,0,25-44,M,WHITE HISPANIC,1000555,230994,40.800694331,-73.941109286
174946375,02/19/2018 12:00:00 AM,153,RAPE 3,104,RAPE,PL 1302503,F,M ,33,0,45-64,M,WHITE HISPANIC,1001936,245282,40.839908201,-73.936083587
174974190,02/19/2018 12:00:00 AM,157,RAPE 1,104,RAPE,PL 1303501,F,B ,41,0,25-44,M,BLACK,1013232,236725,40.816391847,-73.895296414
174934772,02/18/2018 12:00:00 AM,157,RAPE 1,104,RAPE,PL 1303501,F,K ,77,0,25-44,M,WHITE,1003606,185050,40.674583308,-73.930221541
174893604,02/16/2018 12:00:00 AM,153,RAPE 3,104,RAPE,PL 1302502,F,K ,77,0,45-64,M,WHITE,1003606,185050,40.674583308,-73.930221541
174893306,02/16/2018 12:00:00 AM,157,RAPE 1,104,RAPE,PL 1303501,F,K ,77,0,25-44,M,ASIAN / PACIFIC ISLANDER,1003606,185050,40.674583308,-73.930221541
174822119,02/15/2018 12:00:00 AM,153,RAPE 3,104,RAPE,PL 1302502,F,K ,77,0,25-44,M,WHITE,1003606,185050,40.674583308,-73.930221541
174834779,02/15/2018 12:00:00 AM,157,RAPE 1,104,RAPE,PL 1303503,F,B ,41,0,25-44,M,BLACK HISPANIC,1013232,236725,40.816391847,-73.895296414
174849296,02/15/2018 12:00:00 AM,153,RAPE 3,104,RAPE,PL 1302502,F,B ,46,0,25-44,M,WHITE HISPANIC,1011881,250411,40.853960274,-73.900120875
174834791,02/15/2018 12:00:00 AM,157,RAPE 1,104,RAPE,PL 1303503,F,K ,84,0,<18,M,WHITE HISPANIC,989013,192652,40.695468941,-73.982825079
174849341,02/15/2018 12:00:00 AM,153,RAPE 3,104,RAPE,PL 1302501,F,M ,9,2,25-44,M,WHITE HISPANIC,987624,203977,40.726554019,-73.987828427
174822154,02/15/2018 12:00:00 AM,157,RAPE 1,104,RAPE,PL 1303501,F,S ,120,0,18-24,M,BLACK HISPANIC,962748,174174,40.644726131,-74.077483159
174855044,02/15/2018 12:00:00 AM,157,RAPE 1,104,RAPE,PL 1303501,F,M ,25,0,25-44,M,ASIAN / PACIFIC ISLANDER,1000555,230994,40.800694331,-73.941109286
174810564,02/14/2018 12:00:00 AM,157,RAPE 1,104,RAPE,PL 1303501,F,B ,41,0,25-44,M,BLACK,1013232,236725,40.816391847,-73.895296414
174786670,02/14/2018 12:00:00 AM,155,RAPE 2,104,RAPE,PL 1303001,F,M ,1,0,45-64,M,WHITE,982285,201682,40.720255223,-74.00709028
174752288,02/13/2018 12:00:00 AM,157,RAPE 1,104,RAPE,PL 1303501,F,B ,41,0,18-24,M,BLACK,1013232,236725,40.816391847,-73.895296414
174703698,02/13/2018 12:00:00 AM,157,RAPE 1,104,RAPE,PL 1303501,F,S ,122,0,25-44,M,BLACK,954943,148360,40.573849649,-74.105496156
174708252,02/13/2018 12:00:00 AM,157,RAPE 1,104,RAPE,PL 1303501,F,M ,25,0,18-24,M,BLACK,1000555,230994,40.800694331,-73.941109286
174680669,02/12/2018 12:00:00 AM,157,RAPE 1,104,RAPE,PL 1303501,F,M ,25,97,25-44,M,BLACK,1000555,230994,40.800694331,-73.941109286
174682876,02/12/2018 12:00:00 AM,153,RAPE 3,104,RAPE,PL 1302503,F,Q ,115,0,25-44,M,WHITE HISPANIC,1018699,215043,40.756860977,-73.875656664
174640907,02/11/2018 12:00:00 AM,157,RAPE 1,104,RAPE,PL 1303501,F,Q ,110,0,25-44,M,WHITE HISPANIC,1020255,210816,40.745252741,-73.87006287
174634792,02/10/2018 12:00:00 AM,157,RAPE 1,104,RAPE,PL 1303501,F,M ,25,0,25-44,M,AMERICAN INDIAN/ALASKAN NATIVE,1000555,230994,40.800694331,-73.941109286
174636156,02/10/2018 12:00:00 AM,157,RAPE 1,104,RAPE,PL 1303501,F,K ,75,0,<18,M,BLACK,1017141,183798,40.671106911,-73.881432957
174596797,02/09/2018 12:00:00 AM,157,RAPE 1,104,RAPE,PL 1303501,F,Q ,111,0,<18,M,BLACK,1048565,216315,40.760185479,-73.767842585
174601091,02/09/2018 12:00:00 AM,157,RAPE 1,104,RAPE,PL 1303501,F,Q ,110,0,18-24,M,WHITE HISPANIC,1020255,210816,40.745252741,-73.87006287
174596799,02/09/2018 12:00:00 AM,157,RAPE 1,104,RAPE,PL 1303501,F,Q ,101,0,25-44,M,WHITE HISPANIC,1053678,159044,40.602951591,-73.749976261
174601065,02/09/2018 12:00:00 AM,157,RAPE 1,104,RAPE,PL 1303501,F,B ,41,0,25-44,M,BLACK HISPANIC,1013232,236725,40.816391847,-73.895296414
174583163,02/09/2018 12:00:00 AM,157,RAPE 1,104,RAPE,PL 130351H,F,Q ,113,0,18-24,F,BLACK,1046367,186986,40.679700408,-73.776047368
174583160,02/09/2018 12:00:00 AM,157,RAPE 1,104,RAPE,PL 1303501,F,M ,14,0,45-64,M,WHITE,985679,213954,40.753938938,-73.994843655
174571470,02/08/2018 12:00:00 AM,157,RAPE 1,104,RAPE,PL 1303501,F,M ,28,2,<18,M,BLACK,997376,233927,40.808749904,-73.952585806
174571469,02/08/2018 12:00:00 AM,157,RAPE 1,104,RAPE,PL 1303501,F,M ,28,2,18-24,M,BLACK,997376,233927,40.808749904,-73.952585806
174567760,02/08/2018 12:00:00 AM,157,RAPE 1,104,RAPE,PL 1303501,F,S ,122,0,<18,M,WHITE,954943,148360,40.573849649,-74.105496156
174571326,02/08/2018 12:00:00 AM,157,RAPE 1,104,RAPE,PL 1303501,F,M ,28,2,18-24,M,BLACK,997376,233927,40.808749904,-73.952585806
174513602,02/07/2018 12:00:00 AM,157,RAPE 1,104,RAPE,PL 1303501,F,K ,77,0,25-44,M,WHITE,1003606,185050,40.674583308,-73.930221541
174511360,02/07/2018 12:00:00 AM,157,RAPE 1,104,RAPE,PL 1303501,F,B ,41,0,18-24,M,BLACK,1013232,236725,40.816391847,-73.895296414
174494289,02/07/2018 12:00:00 AM,153,RAPE 3,104,RAPE,PL 1302503,F,S ,120,0,<18,M,BLACK HISPANIC,962748,174174,40.644726131,-74.077483159
174506769,02/07/2018 12:00:00 AM,157,RAPE 1,104,RAPE,PL 1303503,F,M ,25,0,25-44,M,BLACK,1000555,230994,40.800694331,-73.941109286
174335678,02/01/2018 12:00:00 AM,155,RAPE 2,104,RAPE,PL 1303001,F,M ,1,0,25-44,M,WHITE,982285,201682,40.720255223,-74.00709028
174460630,02/06/2018 12:00:00 AM,157,RAPE 1,104,RAPE,PL 1303501,F,Q ,112,0,25-44,M,WHITE HISPANIC,1025420,202485,40.722363687,-73.851473894
174447724,02/06/2018 12:00:00 AM,155,RAPE 2,104,RAPE,PL 1303001,F,K ,77,0,45-64,M,BLACK,1003606,185050,40.674583308,-73.930221541
174447748,02/06/2018 12:00:00 AM,157,RAPE 1,104,RAPE,PL 1303501,F,Q ,112,0,45-64,M,WHITE HISPANIC,1025420,202485,40.722363687,-73.851473894
174462795,02/06/2018 12:00:00 AM,153,RAPE 3,104,RAPE,PL 1302502,F,K ,77,0,18-24,M,BLACK,1003606,185050,40.674583308,-73.930221541
174446327,02/06/2018 12:00:00 AM,157,RAPE 1,104,RAPE,PL 1303501,F,Q ,112,0,25-44,M,WHITE HISPANIC,1025420,202485,40.722363687,-73.851473894
174442120,02/06/2018 12:00:00 AM,157,RAPE 1,104,RAPE,PL 1303504,F,Q ,113,0,25-44,M,BLACK,1046367,186986,40.679700408,-73.776047368
174446323,02/06/2018 12:00:00 AM,157,RAPE 1,104,RAPE,PL 1303501,F,Q ,102,0,25-44,M,ASIAN / PACIFIC ISLANDER,1030954,193887,40.698736773,-73.831568765
174442118,02/06/2018 12:00:00 AM,153,RAPE 3,104,RAPE,PL 1302503,F,M ,18,0,45-64,M,WHITE,988353,217918,40.764818269,-73.985189773
174225241,01/31/2018 12:00:00 AM,153,RAPE 3,104,RAPE,PL 1302502,F,B ,41,0,25-44,M,BLACK HISPANIC,1013232,236725,40.816391847,-73.895296414
174361131,02/03/2018 12:00:00 AM,153,RAPE 3,104,RAPE,PL 1302503,F,M ,32,0,25-44,M,BLACK,999358,236472,40.815732053,-73.945420411
174348979,02/02/2018 12:00:00 AM,157,RAPE 1,104,RAPE,PL 1303501,F,B ,46,0,45-64,M,WHITE HISPANIC,1011881,250411,40.853960274,-73.900120875
174328300,02/02/2018 12:00:00 AM,157,RAPE 1,104,RAPE,PL 1303501,F,K ,75,0,45-64,M,BLACK,1017141,183798,40.671106911,-73.881432957
174329664,02/02/2018 12:00:00 AM,157,RAPE 1,104,RAPE,PL 1303501,F,K ,62,0,18-24,M,WHITE HISPANIC,983393,158818,40.602603179,-74.003087661
174285349,02/01/2018 12:00:00 AM,157,RAPE 1,104,RAPE,PL 1303501,F,K ,77,0,45-64,M,ASIAN / PACIFIC ISLANDER,1003606,185050,40.674583308,-73.930221541
174287614,02/01/2018 12:00:00 AM,155,RAPE 2,104,RAPE,PL 1303001,F,K ,84,0,25-44,M,BLACK,989013,192652,40.695468941,-73.982825079
174277031,02/01/2018 12:00:00 AM,157,RAPE 1,104,RAPE,PL 1303501,F,Q ,112,0,18-24,M,ASIAN / PACIFIC ISLANDER,1025420,202485,40.722363687,-73.851473894
174295084,02/01/2018 12:00:00 AM,157,RAPE 1,104,RAPE,PL 1303501,F,M ,25,0,25-44,M,BLACK,1000555,230994,40.800694331,-73.941109286
174310703,02/01/2018 12:00:00 AM,157,RAPE 1,104,RAPE,PL 1303503,F,M ,25,0,25-44,M,BLACK,1000555,230994,40.800694331,-73.941109286
174290104,02/01/2018 12:00:00 AM,157,RAPE 1,104,RAPE,PL 1303502,F,Q ,112,0,18-24,M,UNKNOWN,1025420,202485,40.722363687,-73.851473894
174310506,02/01/2018 12:00:00 AM,153,RAPE 3,104,RAPE,PL 1302501,F,Q ,114,0,25-44,M,WHITE,1007654,219564,40.769306087,-73.91550818
174241444,01/31/2018 12:00:00 AM,155,RAPE 2,104,RAPE,PL 1303001,F,Q ,112,0,45-64,M,BLACK HISPANIC,1025420,202485,40.722363687,-73.851473894
174244286,01/31/2018 12:00:00 AM,153,RAPE 3,104,RAPE,PL 1302502,F,B ,41,2,18-24,M,BLACK HISPANIC,1013232,236725,40.816391847,-73.895296414
174242980,01/31/2018 12:00:00 AM,153,RAPE 3,104,RAPE,PL 1302502,F,Q ,112,0,25-44,M,WHITE HISPANIC,1025420,202485,40.722363687,-73.851473894
174242956,01/31/2018 12:00:00 AM,153,RAPE 3,104,RAPE,PL 1302502,F,K ,77,0,25-44,M,WHITE HISPANIC,1003606,185050,40.674583308,-73.930221541
174225160,01/30/2018 12:00:00 AM,157,RAPE 1,104,RAPE,PL 1303501,F,Q ,105,0,18-24,M,ASIAN / PACIFIC ISLANDER,1057636,203954,40.72618713,-73.735233904
174189899,01/30/2018 12:00:00 AM,157,RAPE 1,104,RAPE,PL 1303501,F,B ,48,0,25-44,M,WHITE HISPANIC,1011779,246746,40.843901255,-73.900504632
174189923,01/30/2018 12:00:00 AM,157,RAPE 1,104,RAPE,PL 1303501,F,Q ,112,0,25-44,M,WHITE HISPANIC,1025420,202485,40.722363687,-73.851473894
174210225,01/30/2018 12:00:00 AM,155,RAPE 2,104,RAPE,PL 1303001,F,B ,42,0,18-24,M,BLACK,1008798,238971,40.822569916,-73.911307169
174200962,01/30/2018 12:00:00 AM,153,RAPE 3,104,RAPE,PL 1302502,F,Q ,112,0,25-44,M,WHITE,1025420,202485,40.722363687,-73.851473894
174177788,01/29/2018 12:00:00 AM,153,RAPE 3,104,RAPE,PL 1302503,F,K ,77,0,<18,M,BLACK,1003606,185050,40.674583308,-73.930221541
174140059,01/29/2018 12:00:00 AM,157,RAPE 1,104,RAPE,PL 1303501,F,B ,41,0,25-44,M,WHITE HISPANIC,1013232,236725,40.816391847,-73.895296414
174120676,01/28/2018 12:00:00 AM,153,RAPE 3,104,RAPE,PL 1302503,F,S ,121,0,45-64,M,WHITE HISPANIC,942428,166536,40.623688822,-74.150658133
174114488,01/27/2018 12:00:00 AM,157,RAPE 1,104,RAPE,PL 1303504,F,Q ,115,0,18-24,M,WHITE HISPANIC,1018699,215043,40.756860977,-73.875656664
174110964,01/27/2018 12:00:00 AM,153,RAPE 3,104,RAPE,PL 1302503,F,Q ,112,0,18-24,M,WHITE HISPANIC,1025420,202485,40.722363687,-73.851473894
174023556,01/25/2018 12:00:00 AM,157,RAPE 1,104,RAPE,PL 1303501,F,B ,48,0,25-44,M,BLACK HISPANIC,1011779,246746,40.843901255,-73.900504632
174014413,01/25/2018 12:00:00 AM,157,RAPE 1,104,RAPE,PL 1303501,F,K ,61,0,25-44,M,WHITE,995244,155739,40.594145169,-73.960414952
174041939,01/25/2018 12:00:00 AM,155,RAPE 2,104,RAPE,PL 1303001,F,Q ,101,0,25-44,M,BLACK HISPANIC,1053678,159044,40.602951591,-73.749976261
174047988,01/25/2018 12:00:00 AM,157,RAPE 1,104,RAPE,PL 1303503,F,B ,48,0,<18,M,WHITE HISPANIC,1011779,246746,40.843901255,-73.900504632
174036494,01/25/2018 12:00:00 AM,157,RAPE 1,104,RAPE,PL 1303504,F,Q ,101,0,25-44,M,BLACK,1053678,159044,40.602951591,-73.749976261
173996998,01/24/2018 12:00:00 AM,153,RAPE 3,104,RAPE,PL 1302501,F,K ,77,0,25-44,M,BLACK,1003606,185050,40.674583308,-73.930221541
173969360,01/24/2018 12:00:00 AM,157,RAPE 1,104,RAPE,PL 1303501,F,B ,41,0,25-44,M,BLACK,1013232,236725,40.816391847,-73.895296414
173979004,01/24/2018 12:00:00 AM,157,RAPE 1,104,RAPE,PL 1303501,F,Q ,103,0,18-24,M,BLACK,1041749,196938,40.707047475,-73.792611904
173931578,01/23/2018 12:00:00 AM,157,RAPE 1,104,RAPE,PL 1303501,F,K ,77,0,25-44,M,BLACK,1003606,185050,40.674583308,-73.930221541
173874676,01/22/2018 12:00:00 AM,157,RAPE 1,104,RAPE,PL 1303501,F,B ,41,0,25-44,M,BLACK HISPANIC,1013232,236725,40.816391847,-73.895296414
173875215,01/22/2018 12:00:00 AM,153,RAPE 3,104,RAPE,PL 1302503,F,B ,42,0,25-44,M,WHITE HISPANIC,1008798,238971,40.822569916,-73.911307169
173802505,01/19/2018 12:00:00 AM,153,RAPE 3,104,RAPE,PL 1302502,F,Q ,113,0,25-44,M,BLACK,1046367,186986,40.679700408,-73.776047368
173792943,01/19/2018 12:00:00 AM,157,RAPE 1,104,RAPE,PL 1303501,F,Q ,112,0,25-44,M,BLACK HISPANIC,1025420,202485,40.722363687,-73.851473894
173792938,01/19/2018 12:00:00 AM,157,RAPE 1,104,RAPE,PL 1303501,F,Q ,112,0,45-64,M,BLACK HISPANIC,1025420,202485,40.722363687,-73.851473894
173764634,01/18/2018 12:00:00 AM,157,RAPE 1,104,RAPE,PL 1303501,F,B ,47,0,25-44,M,BLACK HISPANIC,1026387,262634,40.887451313,-73.847607787
173767129,01/18/2018 12:00:00 AM,153,RAPE 3,104,RAPE,PL 1302503,F,K ,77,0,<18,M,WHITE HISPANIC,1003606,185050,40.674583308,-73.930221541
173779460,01/18/2018 12:00:00 AM,153,RAPE 3,104,RAPE,PL 1302503,F,Q ,112,0,45-64,M,ASIAN / PACIFIC ISLANDER,1025420,202485,40.722363687,-73.851473894
173777824,01/18/2018 12:00:00 AM,153,RAPE 3,104,RAPE,PL 1302502,F,K ,77,0,25-44,M,BLACK HISPANIC,1003606,185050,40.674583308,-73.930221541
173721859,01/17/2018 12:00:00 AM,157,RAPE 1,104,RAPE,PL 1303502,F,K ,77,0,25-44,M,BLACK,1003606,185050,40.674583308,-73.930221541
173706721,01/17/2018 12:00:00 AM,157,RAPE 1,104,RAPE,PL 1303502,F,M ,9,2,45-64,M,BLACK,987624,203977,40.726554019,-73.987828427
173651827,01/16/2018 12:00:00 AM,153,RAPE 3,104,RAPE,PL 1302503,F,K ,61,0,25-44,M,WHITE,995244,155739,40.594145169,-73.960414952
173682265,01/16/2018 12:00:00 AM,157,RAPE 1,104,RAPE,PL 1303501,F,B ,41,0,18-24,M,BLACK,1013232,236725,40.816391847,-73.895296414
173670922,01/16/2018 12:00:00 AM,157,RAPE 1,104,RAPE,PL 1303501,F,B ,41,0,45-64,M,BLACK HISPANIC,1013232,236725,40.816391847,-73.895296414
173278726,01/05/2018 12:00:00 AM,157,RAPE 1,104,RAPE,PL 1303501,F,Q ,115,0,25-44,M,ASIAN / PACIFIC ISLANDER,1018699,215043,40.756860977,-73.875656664
173651825,01/16/2018 12:00:00 AM,157,RAPE 1,104,RAPE,PL 1303501,F,K ,75,2,45-64,M,BLACK,1017141,183798,40.671106911,-73.881432957
173652213,01/16/2018 12:00:00 AM,153,RAPE 3,104,RAPE,PL 1302503,F,M ,18,0,25-44,M,WHITE HISPANIC,988353,217918,40.764818269,-73.985189773
173642784,01/15/2018 12:00:00 AM,157,RAPE 1,104,RAPE,PL 1303501,F,B ,47,0,<18,M,WHITE HISPANIC,1026387,262634,40.887451313,-73.847607787
173603875,01/14/2018 12:00:00 AM,157,RAPE 1,104,RAPE,PL 1303501,F,B ,44,0,25-44,M,WHITE HISPANIC,1006434,244344,40.837323511,-73.919830757
173577385,01/13/2018 12:00:00 AM,157,RAPE 1,104,RAPE,PL 1303501,F,B ,41,0,25-44,M,WHITE HISPANIC,1013232,236725,40.816391847,-73.895296414
173578825,01/13/2018 12:00:00 AM,157,RAPE 1,104,RAPE,PL 1303501,F,B ,40,0,25-44,M,WHITE HISPANIC,1004926,234532,40.810396019,-73.925310745
173505940,01/11/2018 12:00:00 AM,157,RAPE 1,104,RAPE,PL 1303501,F,S ,120,0,18-24,M,BLACK,962748,174174,40.644726131,-74.077483159
173514007,01/11/2018 12:00:00 AM,157,RAPE 1,104,RAPE,PL 1303501,F,Q ,105,0,65+,M,BLACK,1057636,203954,40.72618713,-73.735233904
173487833,01/11/2018 12:00:00 AM,153,RAPE 3,104,RAPE,PL 1302502,F,K ,77,0,25-44,M,BLACK,1003606,185050,40.674583308,-73.930221541
173513990,01/11/2018 12:00:00 AM,157,RAPE 1,104,RAPE,PL 1303501,F,M ,25,0,45-64,M,WHITE HISPANIC,1000555,230994,40.800694331,-73.941109286
173500836,01/11/2018 12:00:00 AM,157,RAPE 1,104,RAPE,PL 1303501,F,B ,41,0,25-44,M,WHITE HISPANIC,1013232,236725,40.816391847,-73.895296414
173463327,01/10/2018 12:00:00 AM,157,RAPE 1,104,RAPE,PL 1303501,F,B ,41,0,25-44,M,BLACK,1013232,236725,40.816391847,-73.895296414
173425141,01/09/2018 12:00:00 AM,155,RAPE 2,104,RAPE,PL 1303001,F,K ,63,0,18-24,M,BLACK,1000448,168068,40.627977755,-73.941647157
173403564,01/09/2018 12:00:00 AM,155,RAPE 2,104,RAPE,PL 1303001,F,Q ,103,0,18-24,M,BLACK,1041749,196938,40.707047475,-73.792611904
173375650,01/08/2018 12:00:00 AM,153,RAPE 3,104,RAPE,PL 1302502,F,K ,69,0,25-44,M,BLACK,1010641,175525,40.648421119,-73.904897109
173368572,01/08/2018 12:00:00 AM,153,RAPE 3,104,RAPE,PL 1302503,F,K ,77,0,<18,M,BLACK,1003606,185050,40.674583308,-73.930221541
173368452,01/08/2018 12:00:00 AM,157,RAPE 1,104,RAPE,PL 1303502,F,B ,41,0,25-44,M,WHITE HISPANIC,1013232,236725,40.816391847,-73.895296414
173247021,01/04/2018 12:00:00 AM,157,RAPE 1,104,RAPE,PL 1303501,F,Q ,115,0,25-44,M,WHITE HISPANIC,1018699,215043,40.756860977,-73.875656664
173272146,01/04/2018 12:00:00 AM,157,RAPE 1,104,RAPE,PL 1303501,F,M ,25,0,18-24,M,BLACK,1000555,230994,40.800694331,-73.941109286
173272148,01/04/2018 12:00:00 AM,157,RAPE 1,104,RAPE,PL 1303501,F,M ,25,0,18-24,M,BLACK,1000555,230994,40.800694331,-73.941109286
173193426,01/03/2018 12:00:00 AM,157,RAPE 1,104,RAPE,PL 1303501,F,K ,77,0,25-44,M,BLACK,1003606,185050,40.674583308,-73.930221541
173231412,01/03/2018 12:00:00 AM,157,RAPE 1,104,RAPE,PL 1303501,F,K ,77,0,18-24,M,BLACK,1003606,185050,40.674583308,-73.930221541
173161987,01/02/2018 12:00:00 AM,153,RAPE 3,104,RAPE,PL 1302503,F,Q ,112,0,25-44,M,ASIAN / PACIFIC ISLANDER,1025420,202485,40.722363687,-73.851473894
173157147,01/02/2018 12:00:00 AM,157,RAPE 1,104,RAPE,PL 1303501,F,K ,70,0,25-44,M,BLACK,991547,168934,40.630366545,-73.973712613
173184289,01/02/2018 12:00:00 AM,157,RAPE 1,104,RAPE,PL 1303501,F,B ,41,0,25-44,M,UNKNOWN,1013232,236725,40.816391847,-73.895296414
173200156,01/02/2018 12:00:00 AM,157,RAPE 1,104,RAPE,PL 1303504,F,M ,34,0,25-44,M,BLACK HISPANIC,1002106,249501,40.851487774,-73.935457967
173199666,01/02/2018 12:00:00 AM,157,RAPE 1,104,RAPE,PL 1303504,F,K ,75,0,45-64,M,BLACK,1017141,183798,40.671106911,-73.881432957
173157143,01/02/2018 12:00:00 AM,153,RAPE 3,104,RAPE,PL 1302502,F,K ,70,0,25-44,M,BLACK,991547,168934,40.630366545,-73.973712613
173235927,01/02/2018 12:00:00 AM,153,RAPE 3,104,RAPE,PL 1302503,F,K ,77,0,25-44,M,BLACK,1003606,185050,40.674583308,-73.930221541
